measure,region,r
area,lh_bankssts_area,0.8905535929984816
area,lh_caudalanteriorcingulate_area,0.8882487912481618
area,lh_caudalmiddlefrontal_area,0.7431174854610315
area,lh_cuneus_area,0.8793643746895945
area,lh_entorhinal_area,0.9402351197275468
area,lh_frontalpole_area,0.9353602020647901
area,lh_fusiform_area,0.7211369855513781
area,lh_inferiorparietal_area,0.8017336884495138
area,lh_inferiortemporal_area,0.8042786737842084
area,lh_insula_area,0.7836594961831562
area,lh_isthmuscingulate_area,0.8225562439885903
area,lh_lateraloccipital_area,0.8203030659162928
area,lh_lateralorbitofrontal_area,0.7909021446723974
area,lh_lingual_area,0.829303952115866
area,lh_medialorbitofrontal_area,0.7785421656440542
area,lh_middletemporal_area,0.7477866506090894
area,lh_paracentral_area,0.7862326215638037
area,lh_parahippocampal_area,0.8846479684343573
area,lh_parsopercularis_area,0.8548031896413506
area,lh_parsorbitalis_area,0.8444736763180063
area,lh_parstriangularis_area,0.874947224141883
area,lh_pericalcarine_area,0.8967776461019664
area,lh_postcentral_area,0.6888796770349581
area,lh_posteriorcingulate_area,0.820966713495618
area,lh_precentral_area,0.6787199065951005
area,lh_precuneus_area,0.6356883842249273
area,lh_rostralanteriorcingulate_area,0.7979869823243945
area,lh_rostralmiddlefrontal_area,0.7021803729566204
area,lh_superiorfrontal_area,0.6109679267938415
area,lh_superiorparietal_area,0.781691576031025
area,lh_superiortemporal_area,0.7362915987255738
area,lh_supramarginal_area,0.8219685176385788
area,lh_temporalpole_area,0.9365499480967246
area,lh_transversetemporal_area,0.8863485064523848
area,rh_bankssts_area,0.8430147590032834
area,rh_caudalanteriorcingulate_area,0.8709622977516865
area,rh_caudalmiddlefrontal_area,0.7689405773690808
area,rh_cuneus_area,0.867050521141082
area,rh_entorhinal_area,0.9248873933769625
area,rh_frontalpole_area,0.9472816742935705
area,rh_fusiform_area,0.7366681681219298
area,rh_inferiorparietal_area,0.7968643983791529
area,rh_inferiortemporal_area,0.7829258640109068
area,rh_insula_area,0.7456050996361431
area,rh_isthmuscingulate_area,0.8472984709924662
area,rh_lateraloccipital_area,0.8478295008837264
area,rh_lateralorbitofrontal_area,0.8276889629033298
area,rh_lingual_area,0.8297275701898594
area,rh_medialorbitofrontal_area,0.7460150966110298
area,rh_middletemporal_area,0.728016746016659
area,rh_paracentral_area,0.7670178795141347
area,rh_parahippocampal_area,0.8732377129999163
area,rh_parsopercularis_area,0.8224371636322506
area,rh_parsorbitalis_area,0.8325919594400122
area,rh_parstriangularis_area,0.8718658429217907
area,rh_pericalcarine_area,0.8891098445183974
area,rh_postcentral_area,0.7365471094742384
area,rh_posteriorcingulate_area,0.7753072927085813
area,rh_precentral_area,0.7212738938951411
area,rh_precuneus_area,0.6976397771269571
area,rh_rostralanteriorcingulate_area,0.8266851821498675
area,rh_rostralmiddlefrontal_area,0.7087877951289927
area,rh_superiorfrontal_area,0.5993772296013966
area,rh_superiorparietal_area,0.7914964593088308
area,rh_superiortemporal_area,0.6688302830517193
area,rh_supramarginal_area,0.7892297667750341
area,rh_temporalpole_area,0.939666890776503
area,rh_transversetemporal_area,0.83610238923395
subcortical,Left-Accumbens-area,0.9622997589714098
subcortical,Left-Amygdala,0.8557331886057921
subcortical,Left-Caudate,0.8475611658990875
subcortical,Left-Hippocampus,0.9490109635368142
subcortical,Left-Pallidum,0.8941739498004291
subcortical,Left-Putamen,0.8861644079034204
subcortical,Left-Thalamus,0.8773550051664551
subcortical,Right-Accumbens-area,0.9329932671746689
subcortical,Right-Amygdala,0.9109388794747072
subcortical,Right-Caudate,0.8434260922424982
subcortical,Right-Hippocampus,0.9357215061080004
subcortical,Right-Pallidum,0.9182935936544339
subcortical,Right-Putamen,0.8878393471298531
subcortical,Right-Thalamus,0.8618860852157265
thickness,lh_bankssts_thickness,0.8937368326516617
thickness,lh_caudalanteriorcingulate_thickness,0.9731003913527223
thickness,lh_caudalmiddlefrontal_thickness,0.7011122021941139
thickness,lh_cuneus_thickness,0.8914320277318897
thickness,lh_entorhinal_thickness,0.972714750335285
thickness,lh_frontalpole_thickness,0.9378626384671326
thickness,lh_fusiform_thickness,0.8203138809016238
thickness,lh_inferiorparietal_thickness,0.7247798406021877
thickness,lh_inferiortemporal_thickness,0.8847080787801404
thickness,lh_insula_thickness,0.8940117892528922
thickness,lh_isthmuscingulate_thickness,0.964299609517789
thickness,lh_lateraloccipital_thickness,0.815210764609004
thickness,lh_lateralorbitofrontal_thickness,0.8882737956907583
thickness,lh_lingual_thickness,0.9187619351267615
thickness,lh_medialorbitofrontal_thickness,0.9475357604102479
thickness,lh_middletemporal_thickness,0.762157243634181
thickness,lh_paracentral_thickness,0.7973649472264295
thickness,lh_parahippocampal_thickness,0.9465612855522407
thickness,lh_parsopercularis_thickness,0.7806874077762024
thickness,lh_parsorbitalis_thickness,0.8993098561895179
thickness,lh_parstriangularis_thickness,0.8093336657075707
thickness,lh_pericalcarine_thickness,0.9548171806803966
thickness,lh_postcentral_thickness,0.7462345773602999
thickness,lh_posteriorcingulate_thickness,0.9265536335823007
thickness,lh_precentral_thickness,0.7229756691622555
thickness,lh_precuneus_thickness,0.6446479840468671
thickness,lh_rostralanteriorcingulate_thickness,0.9247904323968932
thickness,lh_rostralmiddlefrontal_thickness,0.7693130001832975
thickness,lh_superiorfrontal_thickness,0.6798343450060736
thickness,lh_superiorparietal_thickness,0.5863910611502331
thickness,lh_superiortemporal_thickness,0.7288881323306712
thickness,lh_supramarginal_thickness,0.7049224371430732
thickness,lh_temporalpole_thickness,0.9451986224532589
thickness,lh_transversetemporal_thickness,0.8973863572272984
thickness,rh_bankssts_thickness,0.9077125991204218
thickness,rh_caudalanteriorcingulate_thickness,0.972622679579462
thickness,rh_caudalmiddlefrontal_thickness,0.6750760398978503
thickness,rh_cuneus_thickness,0.8904053589826435
thickness,rh_entorhinal_thickness,0.9704998289342005
thickness,rh_frontalpole_thickness,0.9466999913388717
thickness,rh_fusiform_thickness,0.8134910882938815
thickness,rh_inferiorparietal_thickness,0.687694359677304
thickness,rh_inferiortemporal_thickness,0.877297869797079
thickness,rh_insula_thickness,0.8776464554183986
thickness,rh_isthmuscingulate_thickness,0.9128581332343612
thickness,rh_lateraloccipital_thickness,0.7724616621649361
thickness,rh_lateralorbitofrontal_thickness,0.9132698115602486
thickness,rh_lingual_thickness,0.9025472370396092
thickness,rh_medialorbitofrontal_thickness,0.9524608416273418
thickness,rh_middletemporal_thickness,0.7858408897652054
thickness,rh_paracentral_thickness,0.7973429512682091
thickness,rh_parahippocampal_thickness,0.9510940026874704
thickness,rh_parsopercularis_thickness,0.817671749740375
thickness,rh_parsorbitalis_thickness,0.8850458478044422
thickness,rh_parstriangularis_thickness,0.8175458297278156
thickness,rh_pericalcarine_thickness,0.956123620653557
thickness,rh_postcentral_thickness,0.7568323465989985
thickness,rh_posteriorcingulate_thickness,0.9364926538948418
thickness,rh_precentral_thickness,0.733257880089986
thickness,rh_precuneus_thickness,0.6693794978411627
thickness,rh_rostralanteriorcingulate_thickness,0.9566045125581117
thickness,rh_rostralmiddlefrontal_thickness,0.8158615746462958
thickness,rh_superiorfrontal_thickness,0.723135620533442
thickness,rh_superiorparietal_thickness,0.5420446185482486
thickness,rh_superiortemporal_thickness,0.7325421497430257
thickness,rh_supramarginal_thickness,0.6103301708010398
thickness,rh_temporalpole_thickness,0.933091698482851
thickness,rh_transversetemporal_thickness,0.9076798514548263
