measure,region,r,n
thickness,rh_rostralanteriorcingulate_thickness,0.963031039377007,425
thickness,lh_parahippocampal_thickness,0.959872667183584,425
thickness,rh_frontalpole_thickness,0.94543722065081,425
thickness,rh_temporalpole_thickness,0.9367383978008615,425
thickness,rh_parahippocampal_thickness,0.9351757226648533,425
thickness,rh_isthmuscingulate_thickness,0.9350547924479523,425
thickness,lh_rostralanteriorcingulate_thickness,0.9299116824007407,425
thickness,lh_frontalpole_thickness,0.9295471969530806,425
thickness,lh_temporalpole_thickness,0.9222034805790388,425
thickness,rh_caudalanteriorcingulate_thickness,0.920326983760029,425
thickness,rh_posteriorcingulate_thickness,0.9171691424115698,425
thickness,rh_entorhinal_thickness,0.910673162068351,425
thickness,lh_entorhinal_thickness,0.9091928373246517,425
thickness,lh_medialorbitofrontal_thickness,0.9081142769558626,425
thickness,lh_posteriorcingulate_thickness,0.9049538813835774,425
thickness,rh_insula_thickness,0.9045888417854502,425
thickness,lh_caudalanteriorcingulate_thickness,0.9034819768122926,425
thickness,rh_transversetemporal_thickness,0.9026030993629622,425
thickness,lh_isthmuscingulate_thickness,0.8959586296902614,425
thickness,lh_insula_thickness,0.8957985103047366,425
thickness,rh_pericalcarine_thickness,0.8922873587272896,425
thickness,lh_cuneus_thickness,0.8881857777266304,425
thickness,lh_parsorbitalis_thickness,0.8875877614032387,425
thickness,lh_transversetemporal_thickness,0.8873965922126122,425
thickness,lh_pericalcarine_thickness,0.8866083117711545,425
thickness,rh_parsorbitalis_thickness,0.8859395595205424,425
thickness,rh_medialorbitofrontal_thickness,0.877029797685445,425
thickness,rh_cuneus_thickness,0.8767417981783894,425
thickness,rh_inferiortemporal_thickness,0.8752077477629944,425
thickness,lh_inferiortemporal_thickness,0.8571091864131224,425
thickness,lh_bankssts_thickness,0.8543819174234164,425
thickness,rh_lingual_thickness,0.8435713051216158,425
thickness,lh_parstriangularis_thickness,0.8373283823499639,425
thickness,rh_bankssts_thickness,0.8367758184287465,425
thickness,rh_parsopercularis_thickness,0.8200740660652104,425
thickness,rh_parstriangularis_thickness,0.8109990704390986,425
thickness,lh_lingual_thickness,0.7976524207302799,425
thickness,lh_middletemporal_thickness,0.7975476673903746,425
thickness,lh_lateralorbitofrontal_thickness,0.7967140315084398,425
thickness,lh_fusiform_thickness,0.7947851915983402,425
thickness,lh_parsopercularis_thickness,0.7820342222573995,425
thickness,rh_paracentral_thickness,0.7802733487429947,425
thickness,rh_caudalmiddlefrontal_thickness,0.7747986684770627,425
thickness,rh_postcentral_thickness,0.7719064506448752,425
thickness,rh_fusiform_thickness,0.7689770458402472,425
thickness,rh_lateralorbitofrontal_thickness,0.7689041850113563,425
thickness,lh_lateraloccipital_thickness,0.7551109651873213,425
thickness,lh_paracentral_thickness,0.7543868902100552,425
thickness,rh_superiortemporal_thickness,0.7525092907588186,425
thickness,rh_precentral_thickness,0.7511921574797923,425
thickness,rh_middletemporal_thickness,0.7491989999003453,425
thickness,lh_superiortemporal_thickness,0.7398463275723953,425
thickness,rh_lateraloccipital_thickness,0.727641290611742,425
thickness,lh_postcentral_thickness,0.7257366020715628,425
thickness,lh_caudalmiddlefrontal_thickness,0.71798746024619,425
thickness,rh_superiorfrontal_thickness,0.7053809367962539,425
thickness,lh_superiorfrontal_thickness,0.6951755864019855,425
thickness,lh_inferiorparietal_thickness,0.6910559657469306,425
thickness,lh_precentral_thickness,0.6843412475956201,425
thickness,lh_rostralmiddlefrontal_thickness,0.6775325638968287,425
thickness,rh_rostralmiddlefrontal_thickness,0.665961770943342,425
thickness,lh_precuneus_thickness,0.6652088770163547,425
thickness,rh_supramarginal_thickness,0.6614747696400234,425
thickness,rh_precuneus_thickness,0.6523193351402151,425
thickness,lh_supramarginal_thickness,0.6471543865779905,425
thickness,rh_inferiorparietal_thickness,0.6437224043496961,425
thickness,lh_superiorparietal_thickness,0.5957165791665986,425
thickness,rh_superiorparietal_thickness,0.5520927754268653,425
area,rh_entorhinal_area,0.9513812072247826,425
area,lh_entorhinal_area,0.9452981734449755,425
area,lh_parahippocampal_area,0.9278775351697974,425
area,lh_caudalanteriorcingulate_area,0.9181797431838841,425
area,lh_temporalpole_area,0.9087707011869398,425
area,lh_bankssts_area,0.8990517522638819,425
area,lh_pericalcarine_area,0.8912161018979455,425
area,rh_parahippocampal_area,0.889054096912129,425
area,rh_caudalanteriorcingulate_area,0.8867764108645099,425
area,lh_frontalpole_area,0.8861180883555024,425
area,rh_parstriangularis_area,0.8759165683222513,425
area,lh_parstriangularis_area,0.8750659653654372,425
area,rh_pericalcarine_area,0.8747112108516477,425
area,lh_parsopercularis_area,0.8746500878168731,425
area,rh_frontalpole_area,0.8716308228215546,425
area,rh_temporalpole_area,0.8715782596277222,425
area,lh_cuneus_area,0.8699574319909059,425
area,lh_transversetemporal_area,0.8650712025392575,425
area,lh_parsorbitalis_area,0.8528231923941983,425
area,rh_parsopercularis_area,0.8516146864720561,425
area,rh_bankssts_area,0.8506688433833588,425
area,rh_lateraloccipital_area,0.8447012446498503,425
area,rh_rostralanteriorcingulate_area,0.8426997056840687,425
area,lh_lingual_area,0.837940129601216,425
area,rh_cuneus_area,0.8332252613449433,425
area,lh_supramarginal_area,0.831298279368389,425
area,rh_transversetemporal_area,0.8211949567747452,425
area,rh_isthmuscingulate_area,0.8204310206822564,425
area,rh_lingual_area,0.8177396079819799,425
area,rh_insula_area,0.8139158426422854,425
area,lh_posteriorcingulate_area,0.8127505273589953,425
area,lh_rostralanteriorcingulate_area,0.8117679662033268,425
area,lh_lateraloccipital_area,0.8101744729805694,425
area,rh_inferiorparietal_area,0.8101644672951023,425
area,rh_parsorbitalis_area,0.8089472320845756,425
area,lh_insula_area,0.806873634699502,425
area,rh_supramarginal_area,0.8024875676456342,425
area,lh_paracentral_area,0.8007792979255679,425
area,rh_inferiortemporal_area,0.7890310252741326,425
area,rh_paracentral_area,0.7885006858391446,425
area,rh_caudalmiddlefrontal_area,0.788024898112175,425
area,lh_inferiortemporal_area,0.7866587975164415,425
area,lh_inferiorparietal_area,0.7865834840657432,425
area,rh_posteriorcingulate_area,0.7851510777347412,425
area,lh_isthmuscingulate_area,0.7813072434027971,425
area,rh_superiorparietal_area,0.7755983696628416,425
area,lh_caudalmiddlefrontal_area,0.7702838686725026,425
area,rh_postcentral_area,0.7662393248160563,425
area,rh_fusiform_area,0.7618902643885006,425
area,rh_precentral_area,0.7566459033208313,425
area,lh_superiorparietal_area,0.7558656572169192,425
area,lh_middletemporal_area,0.745804919751335,425
area,lh_superiortemporal_area,0.7419079734309224,425
area,rh_middletemporal_area,0.7353211444521078,425
area,lh_fusiform_area,0.7343065104935855,425
area,lh_postcentral_area,0.7216166227931227,425
area,lh_rostralmiddlefrontal_area,0.7197140740561333,425
area,rh_precuneus_area,0.7171929289800955,425
area,lh_precentral_area,0.7125807977222053,425
area,lh_medialorbitofrontal_area,0.7013106826333574,425
area,rh_rostralmiddlefrontal_area,0.7008861444767487,425
area,rh_superiortemporal_area,0.6881510778398223,425
area,rh_lateralorbitofrontal_area,0.6797025450578768,425
area,lh_precuneus_area,0.6792298594932098,425
area,rh_medialorbitofrontal_area,0.671435216980158,425
area,lh_lateralorbitofrontal_area,0.652028217174127,425
area,lh_superiorfrontal_area,0.643225182675649,425
area,rh_superiorfrontal_area,0.6392911648093609,425
subcortical,Left-Amygdala,0.9162143429044329,425
subcortical,Left-Hippocampus,0.9041307669471895,425
subcortical,Right-Hippocampus,0.8920656601348599,425
subcortical,Right-Amygdala,0.8761187061649998,425
subcortical,Right-Accumbens-area,0.8591463768361312,425
subcortical,Left-Caudate,0.8539986971675261,425
subcortical,Right-Caudate,0.8511871368193594,425
subcortical,Right-Putamen,0.8466498410862799,425
subcortical,Left-Putamen,0.8348732527923908,425
subcortical,Right-Pallidum,0.8009331156899154,425
subcortical,Left-Thalamus,0.7919604628557404,425
subcortical,Left-Pallidum,0.7893458898543976,425
subcortical,Left-Accumbens-area,0.7455643893306402,425
subcortical,Right-Thalamus,0.7225728590473753,425
