"algorithm","measure","region","n","mean_z","sd_z"
"MFP","subcortical","Left-Accumbens-area",100,0.00239879856839589,1.28359173433913
"MFP","subcortical","Left-Amygdala",100,0.00128681463754278,1.08189678744543
"MFP","subcortical","Left-Caudate",100,-0.000486890195552002,0.999381357514553
"MFP","subcortical","Left-Hippocampus",100,-0.000718803871199722,1.07405603555126
"MFP","subcortical","Left-Pallidum",100,0.00448295304558185,1.16619118166529
"MFP","subcortical","Left-Putamen",100,0.000588053465704863,1.0306310757203
"MFP","subcortical","Left-Thalamus",100,0.00156793332505067,1.56430813579929
"MFP","area","lh_bankssts_area",100,-0.00400449730717676,1.12326064685461
"MFP","thickness","lh_bankssts_thickness",100,-0.00600147543874617,1.00370103931882
"MFP","area","lh_caudalanteriorcingulate_area",100,-0.0033901396397438,1.20290022558582
"MFP","thickness","lh_caudalanteriorcingulate_thickness",100,0.000807866519412012,0.977394918120045
"MFP","area","lh_caudalmiddlefrontal_area",100,0.00173972319993057,0.871554686446541
"MFP","thickness","lh_caudalmiddlefrontal_thickness",100,0.00422634442953349,0.906855118461919
"MFP","area","lh_cuneus_area",100,0.004053399681814,1.04205324290352
"MFP","thickness","lh_cuneus_thickness",100,0.000406566097585387,1.06916640987042
"MFP","area","lh_entorhinal_area",100,-0.00172538575472789,1.20648508045901
"MFP","thickness","lh_entorhinal_thickness",100,-0.00241079374626795,1.10622597599225
"MFP","area","lh_frontalpole_area",100,0.00463251830561682,1.18649705765884
"MFP","thickness","lh_frontalpole_thickness",100,-0.00111481557348739,1.2670120200117
"MFP","area","lh_fusiform_area",100,-0.00289863929442277,1.12921067449162
"MFP","thickness","lh_fusiform_thickness",100,-0.00109459722267814,1.17299468979633
"MFP","area","lh_inferiorparietal_area",100,0.00155238519208717,1.09067170549218
"MFP","thickness","lh_inferiorparietal_thickness",100,-0.00274514062819008,1.16400181847342
"MFP","area","lh_inferiortemporal_area",100,-0.00661898192641145,1.01318365562606
"MFP","thickness","lh_inferiortemporal_thickness",100,-0.00269133447766967,0.987018930775943
"MFP","area","lh_insula_area",100,0.0023400617552968,1.04548040458439
"MFP","thickness","lh_insula_thickness",100,-0.00326179389092273,1.09680493011274
"MFP","area","lh_isthmuscingulate_area",100,-0.00133025107357605,0.904401308461769
"MFP","thickness","lh_isthmuscingulate_thickness",100,0.00284678171642692,1.04083971851564
"MFP","area","lh_lateraloccipital_area",100,0.00583707171891042,1.10054665643841
"MFP","thickness","lh_lateraloccipital_thickness",100,-0.00675214515042496,1.00585455803241
"MFP","area","lh_lateralorbitofrontal_area",100,7.28369326249504e-05,1.62620386391841
"MFP","thickness","lh_lateralorbitofrontal_thickness",100,-0.00199431095091893,1.44194371496219
"MFP","area","lh_lingual_area",100,-0.00111709398805209,0.969518513672195
"MFP","thickness","lh_lingual_thickness",100,0.000513739259158283,1.31564565101071
"MFP","area","lh_medialorbitofrontal_area",100,0.00219018998704488,1.25600776952006
"MFP","thickness","lh_medialorbitofrontal_thickness",100,0.000540646994347072,1.33619119424249
"MFP","area","lh_middletemporal_area",100,-0.00437050135067809,1.04205707779645
"MFP","thickness","lh_middletemporal_thickness",100,-0.000581584042894842,0.899766629907384
"MFP","area","lh_paracentral_area",100,0.00219094125571585,0.891605307668461
"MFP","thickness","lh_paracentral_thickness",100,-0.00345381156417199,1.11042220257508
"MFP","area","lh_parahippocampal_area",100,-0.0012927679272511,0.861851460650411
"MFP","thickness","lh_parahippocampal_thickness",100,-0.00147228155619116,1.01156935008397
"MFP","area","lh_parsopercularis_area",100,0.000695112606504281,1.07999138151597
"MFP","thickness","lh_parsopercularis_thickness",100,0.00912802380305672,1.06744244892971
"MFP","area","lh_parsorbitalis_area",100,0.00261214611633489,1.00540175268004
"MFP","thickness","lh_parsorbitalis_thickness",100,0.00338882051788733,0.990825155586775
"MFP","area","lh_parstriangularis_area",100,-0.00330721122665993,1.05412478288822
"MFP","thickness","lh_parstriangularis_thickness",100,0.00489088973381833,0.864294689422676
"MFP","area","lh_pericalcarine_area",100,0.00432607176645624,0.999522962304762
"MFP","thickness","lh_pericalcarine_thickness",100,-0.00332935282213569,1.30922018803019
"MFP","area","lh_postcentral_area",100,0.00167981954931724,0.995616168290283
"MFP","thickness","lh_postcentral_thickness",100,-0.00155540670925304,1.05832775247669
"MFP","area","lh_posteriorcingulate_area",100,-0.00672918595560272,0.891930975142141
"MFP","thickness","lh_posteriorcingulate_thickness",100,0.00290301659026373,0.963411006365571
"MFP","area","lh_precentral_area",100,0.00674537320162171,0.994218034172359
"MFP","thickness","lh_precentral_thickness",100,-0.00142298460736129,1.13984000515559
"MFP","area","lh_precuneus_area",100,-0.000752623301857236,1.0610721015951
"MFP","thickness","lh_precuneus_thickness",100,0.00253633930460794,0.860784136842383
"MFP","area","lh_rostralanteriorcingulate_area",100,-0.000929110105266832,1.02630770951984
"MFP","thickness","lh_rostralanteriorcingulate_thickness",100,0.00252011615946976,0.939261549043247
"MFP","area","lh_rostralmiddlefrontal_area",100,0.00227480899178482,0.909056340867145
"MFP","thickness","lh_rostralmiddlefrontal_thickness",100,0.00203921788562939,1.07162157729518
"MFP","area","lh_superiorfrontal_area",100,0.00120680702544286,1.16009087891724
"MFP","thickness","lh_superiorfrontal_thickness",100,0.00426993587906606,0.94625586939622
"MFP","area","lh_superiorparietal_area",100,-0.00044644492960509,1.1297664317267
"MFP","thickness","lh_superiorparietal_thickness",100,0.000615707467866751,1.01577513271223
"MFP","area","lh_superiortemporal_area",100,-0.00113405899080438,0.988032243224234
"MFP","thickness","lh_superiortemporal_thickness",100,0.00400809317433912,0.995714062587556
"MFP","area","lh_supramarginal_area",100,-0.00142558218276722,1.20282664509476
"MFP","thickness","lh_supramarginal_thickness",100,0.00171294546132882,0.999429835775661
"MFP","area","lh_temporalpole_area",100,0.00195079231986222,1.18747781765899
"MFP","thickness","lh_temporalpole_thickness",100,0.00162463553566173,0.939421635177878
"MFP","area","lh_transversetemporal_area",100,0.000213072465638222,0.894442757842439
"MFP","thickness","lh_transversetemporal_thickness",100,-0.00196333559679905,1.05060765967555
"MFP","area","rh_bankssts_area",100,-0.00184273473624777,0.927528522377474
"MFP","thickness","rh_bankssts_thickness",100,-0.0037954894310431,1.35547070237818
"MFP","area","rh_caudalanteriorcingulate_area",100,0.00259918496136451,0.967679853239975
"MFP","thickness","rh_caudalanteriorcingulate_thickness",100,-0.00301198800994853,1.12119976644776
"MFP","area","rh_caudalmiddlefrontal_area",100,0.00237754915014676,0.832849702318278
"MFP","thickness","rh_caudalmiddlefrontal_thickness",100,0.00320158176697548,0.903225244606617
"MFP","area","rh_cuneus_area",100,0.00541695145406279,0.977233218740333
"MFP","thickness","rh_cuneus_thickness",100,0.00136750324818091,0.989032349304755
"MFP","area","rh_entorhinal_area",100,-0.00301746377418294,1.03980502421088
"MFP","thickness","rh_entorhinal_thickness",100,0.00240977713859605,1.09871480876337
"MFP","area","rh_frontalpole_area",100,0.0045164100110391,1.21956236749737
"MFP","thickness","rh_frontalpole_thickness",100,-0.00254207236198244,1.20886312561975
"MFP","area","rh_fusiform_area",100,-0.00443187661345684,1.10764768581584
"MFP","thickness","rh_fusiform_thickness",100,0.00231568515989788,1.33781586497846
"MFP","area","rh_inferiorparietal_area",100,0.00415030276157056,1.07559135367039
"MFP","thickness","rh_inferiorparietal_thickness",100,0.000303515208743488,1.03542429457492
"MFP","area","rh_inferiortemporal_area",100,-0.003114774267357,0.95452988440154
"MFP","thickness","rh_inferiortemporal_thickness",100,-0.00331055324065725,1.01946920368396
"MFP","area","rh_insula_area",100,-0.00182994281641255,1.15695298384104
"MFP","thickness","rh_insula_thickness",100,0.000507789756348346,1.11878837054405
"MFP","area","rh_isthmuscingulate_area",100,0.00256066825661564,1.14036903247742
"MFP","thickness","rh_isthmuscingulate_thickness",100,-1.22183618441495e-05,1.27695537261611
"MFP","area","rh_lateraloccipital_area",100,0.00463022569311439,1.15947181065743
"MFP","thickness","rh_lateraloccipital_thickness",100,-0.00479719259292662,0.933460879106413
"MFP","area","rh_lateralorbitofrontal_area",100,0.000450889114918013,1.54409812669568
"MFP","thickness","rh_lateralorbitofrontal_thickness",100,-0.00330285183365659,1.0806623582082
"MFP","area","rh_lingual_area",100,0.00146042266767988,1.25086011515707
"MFP","thickness","rh_lingual_thickness",100,0.000171763653402673,1.26980549808505
"MFP","area","rh_medialorbitofrontal_area",100,0.000952248384874331,1.19940927174428
"MFP","thickness","rh_medialorbitofrontal_thickness",100,-0.00228859410639407,1.13061565493553
"MFP","area","rh_middletemporal_area",100,-0.0018078681161685,1.10262399097354
"MFP","thickness","rh_middletemporal_thickness",100,-0.00192211413966361,0.977579991508791
"MFP","area","rh_paracentral_area",100,7.93527480746581e-05,1.0935608293788
"MFP","thickness","rh_paracentral_thickness",100,-0.00232574139020347,1.06016756065949
"MFP","area","rh_parahippocampal_area",100,0.0014572923191121,0.817741308133947
"MFP","thickness","rh_parahippocampal_thickness",100,0.00226507434628139,1.02844031634365
"MFP","area","rh_parsopercularis_area",100,-0.00392235941645685,1.04040394688301
"MFP","thickness","rh_parsopercularis_thickness",100,0.00446911709748501,1.00421367827822
"MFP","area","rh_parsorbitalis_area",100,-0.00463435453311765,1.09236682769347
"MFP","thickness","rh_parsorbitalis_thickness",100,0.0021031039660406,0.980960284644472
"MFP","area","rh_parstriangularis_area",100,0.00077712124026152,0.955139463160404
"MFP","thickness","rh_parstriangularis_thickness",100,0.00548067745236465,1.04727290383949
"MFP","area","rh_pericalcarine_area",100,0.00789295789348117,1.10257380155422
"MFP","thickness","rh_pericalcarine_thickness",100,-0.00124779183749801,1.36949252790682
"MFP","area","rh_postcentral_area",100,0.00304001011964124,0.931751585277995
"MFP","thickness","rh_postcentral_thickness",100,0.00186954648144531,0.983793469380983
"MFP","area","rh_posteriorcingulate_area",100,-0.000663952176661305,0.997125422667088
"MFP","thickness","rh_posteriorcingulate_thickness",100,-0.000483219250874014,1.03935005589812
"MFP","area","rh_precentral_area",100,0.00431199555962792,0.919532219221092
"MFP","thickness","rh_precentral_thickness",100,-0.00131921437129618,1.02410682192452
"MFP","area","rh_precuneus_area",100,-0.00569015487232592,1.28427451560961
"MFP","thickness","rh_precuneus_thickness",100,0.00582351721321987,1.10039403980227
"MFP","area","rh_rostralanteriorcingulate_area",100,0.00150518303145636,0.85718828108677
"MFP","thickness","rh_rostralanteriorcingulate_thickness",100,0.00159057821881554,0.988709735829253
"MFP","area","rh_rostralmiddlefrontal_area",100,-2.00481663820302e-05,1.0205716992247
"MFP","thickness","rh_rostralmiddlefrontal_thickness",100,0.000746000766325157,1.37733852416211
"MFP","area","rh_superiorfrontal_area",100,-0.000220680387587604,1.02880282460183
"MFP","thickness","rh_superiorfrontal_thickness",100,0.00568660583632865,1.04158111687889
"MFP","area","rh_superiorparietal_area",100,-0.00520547436899641,1.20464017716733
"MFP","thickness","rh_superiorparietal_thickness",100,0.00350409961236828,0.983314048506424
"MFP","area","rh_superiortemporal_area",100,-0.00707210138708014,1.25663117886502
"MFP","thickness","rh_superiortemporal_thickness",100,0.00217949673912771,1.01710778845937
"MFP","area","rh_supramarginal_area",100,-0.00753377670736985,0.89757226330164
"MFP","thickness","rh_supramarginal_thickness",100,-0.00167138207628567,1.12062589449852
"MFP","area","rh_temporalpole_area",100,-0.00010801941673514,1.0449046352003
"MFP","thickness","rh_temporalpole_thickness",100,0.00148433851267114,0.862066613613415
"MFP","area","rh_transversetemporal_area",100,-0.00351939392233038,0.993825484247869
"MFP","thickness","rh_transversetemporal_thickness",100,-0.00260782525588871,1.03855715391465
"MFP","subcortical","Right-Accumbens-area",100,-0.00169033223707713,1.24169974766025
"MFP","subcortical","Right-Amygdala",100,1.94364563123757e-05,1.0969926410965
"MFP","subcortical","Right-Caudate",100,-0.00119008428019752,0.98615663334651
"MFP","subcortical","Right-Hippocampus",100,0.00219464129354512,1.15793578637088
"MFP","subcortical","Right-Pallidum",100,-0.00108358553983968,1.44866773568428
"MFP","subcortical","Right-Putamen",100,-0.00190296095775093,1.02418314874021
"MFP","subcortical","Right-Thalamus",100,0.00547826718087237,1.57988957295682
"GAMLSS","subcortical","Left-Accumbens-area",100,0.00170431766592842,1.27682800460033
"GAMLSS","subcortical","Left-Amygdala",100,0.000305161690124611,1.04115625147182
"GAMLSS","subcortical","Left-Caudate",100,-0.0013916522270632,0.976437649194616
"GAMLSS","subcortical","Left-Hippocampus",100,-0.00156110844784828,1.03081138979841
"GAMLSS","subcortical","Left-Pallidum",100,0.00314801982722702,1.13556231629327
"GAMLSS","subcortical","Left-Putamen",100,-4.3643794787398e-05,1.02046666715494
"GAMLSS","subcortical","Left-Thalamus",100,-0.000407274014662621,1.36430018661296
"GAMLSS","area","lh_bankssts_area",100,-0.00295731006549858,1.11696750738186
"GAMLSS","thickness","lh_bankssts_thickness",100,-0.00677929002190683,1.00090568203882
"GAMLSS","area","lh_caudalanteriorcingulate_area",100,-0.0034893203896544,1.15202663015112
"GAMLSS","thickness","lh_caudalanteriorcingulate_thickness",100,3.11759681451446e-05,1.01461619277509
"GAMLSS","area","lh_caudalmiddlefrontal_area",100,0.00201049217039434,0.951474196160896
"GAMLSS","thickness","lh_caudalmiddlefrontal_thickness",100,0.00126371975201947,0.940686030665943
"GAMLSS","area","lh_cuneus_area",100,0.00398846311207947,1.04842393838248
"GAMLSS","thickness","lh_cuneus_thickness",100,-0.000861065900901157,1.01725401095711
"GAMLSS","area","lh_entorhinal_area",100,-0.00125638555791451,1.15066324036859
"GAMLSS","thickness","lh_entorhinal_thickness",100,-0.003008030958749,1.08192748115832
"GAMLSS","area","lh_frontalpole_area",100,0.00410450115120078,1.09621223678838
"GAMLSS","thickness","lh_frontalpole_thickness",100,-0.00194331011014176,1.33237673834735
"GAMLSS","area","lh_fusiform_area",100,-0.00142177434876793,0.922474874514065
"GAMLSS","thickness","lh_fusiform_thickness",100,-0.00255416730802292,1.07238897172771
"GAMLSS","area","lh_inferiorparietal_area",100,0.00175595879325078,1.17594114083969
"GAMLSS","thickness","lh_inferiorparietal_thickness",100,-0.00414505754777183,1.10673505439227
"GAMLSS","area","lh_inferiortemporal_area",100,-0.00428269797026281,0.958371790482259
"GAMLSS","thickness","lh_inferiortemporal_thickness",100,-0.00385642782461823,1.01861928448375
"GAMLSS","area","lh_insula_area",100,0.0022651569865462,1.00513308427645
"GAMLSS","thickness","lh_insula_thickness",100,-0.00409438094567508,1.14944027238764
"GAMLSS","area","lh_isthmuscingulate_area",100,-0.000318843911362671,1.0538136421167
"GAMLSS","thickness","lh_isthmuscingulate_thickness",100,0.00162367730012163,1.05725409492856
"GAMLSS","area","lh_lateraloccipital_area",100,0.00494413208918138,1.03914131689225
"GAMLSS","thickness","lh_lateraloccipital_thickness",100,-0.00723037438136814,1.05144834594152
"GAMLSS","area","lh_lateralorbitofrontal_area",100,0.000844883249644366,1.57236738020132
"GAMLSS","thickness","lh_lateralorbitofrontal_thickness",100,-0.00347462127679105,1.38047712071518
"GAMLSS","area","lh_lingual_area",100,-0.000355938003726593,0.908495067297543
"GAMLSS","thickness","lh_lingual_thickness",100,-0.000848960881655601,1.2348384029099
"GAMLSS","area","lh_medialorbitofrontal_area",100,0.00193958723029577,1.18994321113145
"GAMLSS","thickness","lh_medialorbitofrontal_thickness",100,-0.000815517749477528,1.35164321186077
"GAMLSS","area","lh_middletemporal_area",100,-0.00243259280051666,0.989225129049969
"GAMLSS","thickness","lh_middletemporal_thickness",100,-0.00231537667669503,0.822079485977898
"GAMLSS","area","lh_paracentral_area",100,0.00234530175997869,1.0015967453883
"GAMLSS","thickness","lh_paracentral_thickness",100,-0.00469882568733008,1.12384094918565
"GAMLSS","area","lh_parahippocampal_area",100,-0.000665836466392137,0.924895599342019
"GAMLSS","thickness","lh_parahippocampal_thickness",100,-0.00229260159359897,1.0379521223802
"GAMLSS","area","lh_parsopercularis_area",100,0.000626029047316041,1.09787287006116
"GAMLSS","thickness","lh_parsopercularis_thickness",100,0.00545018690225481,1.02205051392094
"GAMLSS","area","lh_parsorbitalis_area",100,0.0025204046585386,1.1088476849923
"GAMLSS","thickness","lh_parsorbitalis_thickness",100,0.00171756809537851,0.982732802836974
"GAMLSS","area","lh_parstriangularis_area",100,-0.00244896639163694,1.05986993276881
"GAMLSS","thickness","lh_parstriangularis_thickness",100,0.0022594544779723,0.939088226658117
"GAMLSS","area","lh_pericalcarine_area",100,0.00394702008928348,0.956169955583798
"GAMLSS","thickness","lh_pericalcarine_thickness",100,-0.00410950607500198,1.21693515398454
"GAMLSS","area","lh_postcentral_area",100,0.00188113118875433,1.09728484188894
"GAMLSS","thickness","lh_postcentral_thickness",100,-0.0029118626535854,0.992812459577751
"GAMLSS","area","lh_posteriorcingulate_area",100,-0.00534285205979674,1.05695871078706
"GAMLSS","thickness","lh_posteriorcingulate_thickness",100,0.00169783109577269,0.943000755627449
"GAMLSS","area","lh_precentral_area",100,0.00542049687062281,1.02719572935921
"GAMLSS","thickness","lh_precentral_thickness",100,-0.00275563650008679,0.944211327762058
"GAMLSS","area","lh_precuneus_area",100,0.000131885310579367,1.14369713715308
"GAMLSS","thickness","lh_precuneus_thickness",100,-0.00033572190009346,0.816230419458107
"GAMLSS","area","lh_rostralanteriorcingulate_area",100,-3.95341540304439e-05,1.11788851564959
"GAMLSS","thickness","lh_rostralanteriorcingulate_thickness",100,0.00139850020038103,1.0184367628847
"GAMLSS","area","lh_rostralmiddlefrontal_area",100,0.00209184659439912,0.988780517708402
"GAMLSS","thickness","lh_rostralmiddlefrontal_thickness",100,-0.00077639316906756,1.0949788720571
"GAMLSS","area","lh_superiorfrontal_area",100,0.00117427976186535,1.12932065956701
"GAMLSS","thickness","lh_superiorfrontal_thickness",100,0.000800254003153411,1.06108170200769
"GAMLSS","area","lh_superiorparietal_area",100,0.000445450710746383,1.22896224523049
"GAMLSS","thickness","lh_superiorparietal_thickness",100,-0.00195093634952702,0.983771903120972
"GAMLSS","area","lh_superiortemporal_area",100,-0.000121494671463083,0.966209871384054
"GAMLSS","thickness","lh_superiortemporal_thickness",100,0.00113729690612062,0.862355608370887
"GAMLSS","area","lh_supramarginal_area",100,-0.000586914535676157,1.1994183674959
"GAMLSS","thickness","lh_supramarginal_thickness",100,-0.000991546674682547,0.913946155845863
"GAMLSS","area","lh_temporalpole_area",100,0.00216705533745939,1.26071219636742
"GAMLSS","thickness","lh_temporalpole_thickness",100,0.000902113221758145,0.918474522361048
"GAMLSS","area","lh_transversetemporal_area",100,0.000422520918788242,0.919689410741129
"GAMLSS","thickness","lh_transversetemporal_thickness",100,-0.00305895219310523,1.04359302431172
"GAMLSS","area","rh_bankssts_area",100,-0.000906788438193225,0.977885797134777
"GAMLSS","thickness","rh_bankssts_thickness",100,-0.0048695624700118,1.35099470065857
"GAMLSS","area","rh_caudalanteriorcingulate_area",100,0.00279500317663104,0.969935343117417
"GAMLSS","thickness","rh_caudalanteriorcingulate_thickness",100,-0.00367886063906579,1.15134880480966
"GAMLSS","area","rh_caudalmiddlefrontal_area",100,0.00234694377407426,0.866016327512199
"GAMLSS","thickness","rh_caudalmiddlefrontal_thickness",100,0.000565825153104576,0.927224181517912
"GAMLSS","area","rh_cuneus_area",100,0.00516265891413385,1.04571701959087
"GAMLSS","thickness","rh_cuneus_thickness",100,-0.0001054188616314,0.975681127465879
"GAMLSS","area","rh_entorhinal_area",100,-0.00250470027465811,0.998727357292617
"GAMLSS","thickness","rh_entorhinal_thickness",100,0.00168204761596054,1.07647038175183
"GAMLSS","area","rh_frontalpole_area",100,0.00433711107971544,1.24895049296317
"GAMLSS","thickness","rh_frontalpole_thickness",100,-0.00348421011239454,1.28916034099498
"GAMLSS","area","rh_fusiform_area",100,-0.00279298931327604,1.06599594404
"GAMLSS","thickness","rh_fusiform_thickness",100,0.000113703154941854,1.16412459169857
"GAMLSS","area","rh_inferiorparietal_area",100,0.00356214334215033,1.15147378317809
"GAMLSS","thickness","rh_inferiorparietal_thickness",100,-0.00213896166128872,0.945902263372111
"GAMLSS","area","rh_inferiortemporal_area",100,-0.00180344091062205,0.948709798220786
"GAMLSS","thickness","rh_inferiortemporal_thickness",100,-0.00452001617982563,1.00504239209249
"GAMLSS","area","rh_insula_area",100,-0.000803204999047746,1.10500386026858
"GAMLSS","thickness","rh_insula_thickness",100,-0.000706076495884923,1.17283311586689
"GAMLSS","area","rh_isthmuscingulate_area",100,0.00309579747165707,1.26333050722189
"GAMLSS","thickness","rh_isthmuscingulate_thickness",100,-0.000987464358963706,1.21949280981005
"GAMLSS","area","rh_lateraloccipital_area",100,0.00411069636675396,1.14725180372987
"GAMLSS","thickness","rh_lateraloccipital_thickness",100,-0.00566776987500495,0.98090185723307
"GAMLSS","area","rh_lateralorbitofrontal_area",100,0.000905102862851431,1.47695718550967
"GAMLSS","thickness","rh_lateralorbitofrontal_thickness",100,-0.00450267128172744,1.12322314462655
"GAMLSS","area","rh_lingual_area",100,0.00183258159338831,1.17470281272266
"GAMLSS","thickness","rh_lingual_thickness",100,-0.00122439674007704,1.21560314700607
"GAMLSS","area","rh_medialorbitofrontal_area",100,0.00138635393035882,1.1548207770989
"GAMLSS","thickness","rh_medialorbitofrontal_thickness",100,-0.00332086865065126,1.18485750215008
"GAMLSS","area","rh_middletemporal_area",100,-0.000641042702903544,1.07445844254194
"GAMLSS","thickness","rh_middletemporal_thickness",100,-0.00332672008881884,1.00284052904961
"GAMLSS","area","rh_paracentral_area",100,0.000414146137356106,1.1150586750705
"GAMLSS","thickness","rh_paracentral_thickness",100,-0.00376876961676055,1.02105841210993
"GAMLSS","area","rh_parahippocampal_area",100,0.00185787593558761,0.78538138833269
"GAMLSS","thickness","rh_parahippocampal_thickness",100,0.00129157604341761,1.02560347979028
"GAMLSS","area","rh_parsopercularis_area",100,-0.00299460286268574,1.0929703727159
"GAMLSS","thickness","rh_parsopercularis_thickness",100,0.0020826616963849,0.941144351314846
"GAMLSS","area","rh_parsorbitalis_area",100,-0.00340121591582921,1.15641093296162
"GAMLSS","thickness","rh_parsorbitalis_thickness",100,0.000484325936613862,0.980094052206901
"GAMLSS","area","rh_parstriangularis_area",100,0.00150930563339858,0.966050493333121
"GAMLSS","thickness","rh_parstriangularis_thickness",100,0.00262120979906771,1.00727119470885
"GAMLSS","area","rh_pericalcarine_area",100,0.00720449452880423,1.05660568875851
"GAMLSS","thickness","rh_pericalcarine_thickness",100,-0.00237827245555384,1.32354633891342
"GAMLSS","area","rh_postcentral_area",100,0.00306886100500392,0.950965660415396
"GAMLSS","thickness","rh_postcentral_thickness",100,-0.000475556577861088,0.953886136325799
"GAMLSS","area","rh_posteriorcingulate_area",100,0.000275263508874502,1.12701826748256
"GAMLSS","thickness","rh_posteriorcingulate_thickness",100,-0.00154889404427993,1.01966632598433
"GAMLSS","area","rh_precentral_area",100,0.00385773781656438,1.03725642861693
"GAMLSS","thickness","rh_precentral_thickness",100,-0.00272815672084475,0.930126706089146
"GAMLSS","area","rh_precuneus_area",100,-0.00318822659060495,1.19144373454406
"GAMLSS","thickness","rh_precuneus_thickness",100,0.00198492088174223,0.955427708567631
"GAMLSS","area","rh_rostralanteriorcingulate_area",100,0.00194841081061121,1.01060593871675
"GAMLSS","thickness","rh_rostralanteriorcingulate_thickness",100,0.000922082037801636,0.993492855551474
"GAMLSS","area","rh_rostralmiddlefrontal_area",100,0.000520829660676807,1.12681843072536
"GAMLSS","thickness","rh_rostralmiddlefrontal_thickness",100,-0.00149038960280017,1.22000141957763
"GAMLSS","area","rh_superiorfrontal_area",100,0.000289155110614134,1.04310067482195
"GAMLSS","thickness","rh_superiorfrontal_thickness",100,0.00171091960119839,1.04450772098537
"GAMLSS","area","rh_superiorparietal_area",100,-0.00347688806682271,1.23936566686915
"GAMLSS","thickness","rh_superiorparietal_thickness",100,0.000265665081504555,0.883068814645234
"GAMLSS","area","rh_superiortemporal_area",100,-0.00413056851985214,1.09423282861367
"GAMLSS","thickness","rh_superiortemporal_thickness",100,-0.000241072515234378,0.932726695461927
"GAMLSS","area","rh_supramarginal_area",100,-0.00554439426102051,0.936333167187714
"GAMLSS","thickness","rh_supramarginal_thickness",100,-0.00336313914116851,0.99034782894806
"GAMLSS","area","rh_temporalpole_area",100,-5.08935873137832e-06,1.06467035507495
"GAMLSS","thickness","rh_temporalpole_thickness",100,0.000714475223199935,0.871823869964453
"GAMLSS","area","rh_transversetemporal_area",100,-0.00290893205981241,0.958300458517634
"GAMLSS","thickness","rh_transversetemporal_thickness",100,-0.00348743668280928,1.00447420849659
"GAMLSS","subcortical","Right-Accumbens-area",100,-0.00231751200163472,1.19125956451735
"GAMLSS","subcortical","Right-Amygdala",100,-0.000818551522202087,1.0241479646075
"GAMLSS","subcortical","Right-Caudate",100,-0.00208059240887142,0.987470588080359
"GAMLSS","subcortical","Right-Hippocampus",100,0.000991681445443611,1.10890031008735
"GAMLSS","subcortical","Right-Pallidum",100,-0.00159631069704925,1.34715609470103
"GAMLSS","subcortical","Right-Putamen",100,-0.00238198170902474,1.03960262475446
"GAMLSS","subcortical","Right-Thalamus",100,0.00301655123058986,1.41162217302223
