measure,region,mean_z,sd_z,n
area,lh_lateralorbitofrontal_area,4.829470157119431e-17,1.5890088412605048,100
area,rh_lateralorbitofrontal_area,-5.551115123125783e-17,1.5107725205554847,100
area,rh_precuneus_area,2.6645352591003756e-17,1.2666152805177444,100
area,lh_medialorbitofrontal_area,-2.7755575615628915e-18,1.2403986612212679,100
area,rh_superiortemporal_area,-1.0769163338864018e-16,1.2209726618677619,100
area,rh_lingual_area,-5.773159728050814e-17,1.2152413227534828,100
area,rh_frontalpole_area,1.2212453270876723e-16,1.1960905648267302,100
area,rh_superiorparietal_area,1.532107773982716e-16,1.1940032585648273,100
area,lh_entorhinal_area,6.661338147750939e-17,1.1838884452153453,100
area,lh_caudalanteriorcingulate_area,-7.105427357601002e-17,1.1835033273273794,100
area,rh_medialorbitofrontal_area,-2.4646951146678477e-16,1.1762557049240434,100
area,lh_frontalpole_area,-1.3433698597964394e-16,1.1679009278606962,100
area,lh_supramarginal_area,3.1752378504279476e-16,1.160217549056148,100
area,rh_insula_area,-1.3322676295501878e-16,1.1467770947249951,100
area,lh_temporalpole_area,1.3988810110276973e-16,1.1441194418667258,100
area,lh_superiorfrontal_area,1.8207657603852566e-16,1.143723517786192,100
area,rh_lateraloccipital_area,-1.1851630787873545e-16,1.1398658084867859,100
area,rh_isthmuscingulate_area,3.219646771412954e-17,1.1251457229728965,100
area,lh_superiorparietal_area,7.327471962526034e-17,1.120355370665808,100
area,lh_bankssts_area,-6.661338147750939e-17,1.1024739977926346,100
area,lh_fusiform_area,2.3980817331903383e-16,1.1018557064514563,100
area,rh_paracentral_area,2.6645352591003756e-17,1.0772788119549794,100
area,lh_inferiorparietal_area,-2.270406085358445e-16,1.0724702509098882,100
area,rh_fusiform_area,6.938893903907229e-19,1.0717079829857998,100
area,rh_middletemporal_area,1.8686441283222166e-16,1.0708975296386793,100
area,rh_pericalcarine_area,-1.9984014443252817e-17,1.0608984298982949,100
area,lh_parsopercularis_area,-2.842170943040401e-16,1.0584732924004912,100
area,rh_parsorbitalis_area,-3.2251978865360795e-16,1.0576855649711272,100
area,lh_lateraloccipital_area,2.886579864025407e-17,1.0559425812384209,100
area,rh_inferiorparietal_area,7.327471962526034e-17,1.046655979238371,100
area,lh_precuneus_area,-2.853273173286652e-16,1.0421118654075585,100
area,lh_insula_area,7.327471962526034e-17,1.0345223247184134,100
area,rh_temporalpole_area,-3.752553823233029e-16,1.0300625710179858,100
area,rh_parsopercularis_area,7.827072323607353e-17,1.0272899511097104,100
area,lh_parstriangularis_area,1.2156942119645464e-16,1.0185040885506986,100
area,lh_middletemporal_area,2.814415367424772e-16,1.0183524653876688,100
area,rh_superiorfrontal_area,-8.326672684688674e-18,1.0147868087390737,100
area,rh_rostralmiddlefrontal_area,2.7755575615628914e-17,1.0098013346648695,100
area,rh_entorhinal_area,-2.731148640577885e-16,1.0048770809704588,100
area,lh_cuneus_area,-7.66053886991358e-17,0.9998904007976199,100
area,lh_rostralanteriorcingulate_area,1.0491607582707729e-16,0.9889315726831863,100
area,lh_inferiortemporal_area,2.2759572004815707e-16,0.9876444070868562,100
area,lh_postcentral_area,-4.9960036108132046e-17,0.97633088212529,100
area,lh_precentral_area,-2.6256774532384955e-16,0.9760749124450852,100
area,rh_posteriorcingulate_area,1.0436096431476471e-16,0.9688647771409616,100
area,rh_transversetemporal_area,-1.9262369477246467e-16,0.968281872198353,100
area,lh_parsorbitalis_area,-4.85722573273506e-17,0.9669961633435111,100
area,lh_superiortemporal_area,3.7747582837255325e-17,0.9625713526901986,100
area,rh_cuneus_area,1.354472090042691e-16,0.9587960149249468,100
area,lh_pericalcarine_area,-3.7747582837255325e-17,0.9571573066987396,100
area,lh_lingual_area,-1.4654943925052067e-16,0.9518754722259926,100
area,rh_parstriangularis_area,3.019806626980426e-16,0.9414880261914588,100
area,rh_inferiortemporal_area,-1.3045120539345589e-17,0.9398126824685444,100
area,rh_caudalanteriorcingulate_area,-2.1538326677728036e-16,0.9324081685662425,100
area,rh_postcentral_area,-7.993605777301127e-17,0.9227780726716844,100
area,rh_bankssts_area,-8.881784197001253e-18,0.9114049500270729,100
area,rh_precentral_area,-1.298960938811433e-16,0.9052850655512052,100
area,lh_rostralmiddlefrontal_area,0.0,0.8958284543566181,100
area,lh_isthmuscingulate_area,4.052314039881821e-17,0.8874911251557465,100
area,lh_transversetemporal_area,-2.1048267295764588e-16,0.881830418346335,100
area,lh_paracentral_area,1.7763568394002505e-17,0.8744492692441764,100
area,lh_caudalmiddlefrontal_area,2.1219137558148303e-16,0.8648964724788638,100
area,rh_supramarginal_area,-9.214851104388799e-17,0.8644256893304099,100
area,lh_posteriorcingulate_area,-2.1094237467877973e-16,0.858761113739851,100
area,lh_parahippocampal_area,1.4988010832439614e-16,0.8358106708127943,100
area,rh_rostralanteriorcingulate_area,4.274358644806853e-17,0.8351127495117769,100
area,rh_caudalmiddlefrontal_area,2.042810365310288e-16,0.8116515177855461,100
area,rh_parahippocampal_area,-1.5543122344752193e-17,0.8033621390217403,100
subcortical,Right-Thalamus,-3.2307490016592057e-16,1.525467674694605,100
subcortical,Left-Thalamus,4.318767565791859e-16,1.5078120570583138,100
subcortical,Right-Pallidum,-4.1244785364824564e-16,1.4024963785828521,100
subcortical,Left-Accumbens-area,-2.6645352591003756e-17,1.2438514769776394,100
subcortical,Right-Accumbens-area,7.993605777301127e-17,1.1620459848236173,100
subcortical,Right-Hippocampus,6.328271240363392e-17,1.1262356568115484,100
subcortical,Left-Pallidum,-2.388367281724868e-16,1.1166506240357819,100
subcortical,Right-Amygdala,-1.354472090042691e-16,1.0722321205353413,100
subcortical,Left-Amygdala,1.2434497875801754e-16,1.0538192187826054,100
subcortical,Left-Hippocampus,-1.9539925233402755e-16,1.0487470714437732,100
subcortical,Left-Putamen,-2.0983215165415458e-16,1.0150138421253918,100
subcortical,Right-Putamen,-9.43689570931383e-17,1.0132069305917892,100
subcortical,Left-Caudate,-3.447242491461111e-16,0.972426429457533,100
subcortical,Right-Caudate,-9.520162436160718e-17,0.9488441943423592,100
thickness,lh_lateralorbitofrontal_thickness,-3.552713678800501e-17,1.4013213728218707,100
thickness,rh_rostralmiddlefrontal_thickness,-1.3100631690576846e-16,1.3614799907497923,100
thickness,rh_pericalcarine_thickness,-8.43769498715119e-17,1.3327285060552168,100
thickness,rh_bankssts_thickness,-1.5543122344752193e-17,1.3278579843755733,100
thickness,rh_fusiform_thickness,-6.328271240363392e-17,1.3081889981148587,100
thickness,lh_lingual_thickness,3.8857805861880476e-17,1.3003214372990248,100
thickness,lh_medialorbitofrontal_thickness,1.8429702208777598e-16,1.286597261043332,100
thickness,rh_isthmuscingulate_thickness,4.1522341120980857e-16,1.2710113290815446,100
thickness,lh_pericalcarine_thickness,-3.375077994860476e-16,1.2625323908956056,100
thickness,rh_lingual_thickness,9.769962616701378e-17,1.2590246362269213,100
thickness,lh_frontalpole_thickness,-5.329070518200751e-17,1.2187129340968594,100
thickness,rh_frontalpole_thickness,-9.992007221626409e-17,1.1781475369946854,100
thickness,lh_fusiform_thickness,-1.4765966227514583e-16,1.143530056880513,100
thickness,lh_inferiorparietal_thickness,-1.4932499681208355e-16,1.127035172948869,100
thickness,lh_precentral_thickness,-4.829470157119431e-17,1.116775362774373,100
thickness,rh_caudalanteriorcingulate_thickness,-4.773959005888173e-16,1.1116900634736477,100
thickness,lh_entorhinal_thickness,-1.9317880628477724e-16,1.0964697430650645,100
thickness,rh_insula_thickness,2.753353101070388e-16,1.095105292265443,100
thickness,rh_supramarginal_thickness,-1.7763568394002506e-16,1.094714158963331,100
thickness,lh_paracentral_thickness,-1.765254609153999e-16,1.0931909555492851,100
thickness,rh_medialorbitofrontal_thickness,2.486899575160351e-16,1.0875075093434072,100
thickness,rh_entorhinal_thickness,1.1102230246251565e-16,1.0871988276856237,100
thickness,rh_precuneus_thickness,9.43689570931383e-17,1.0641480281251594,100
thickness,rh_lateralorbitofrontal_thickness,-2.211935062196302e-16,1.0590923014376943,100
thickness,lh_rostralmiddlefrontal_thickness,1.6189306839553553e-16,1.0563649950708145,100
thickness,lh_insula_thickness,-3.763656053479281e-16,1.0544351074009637,100
thickness,lh_cuneus_thickness,-6.050715484207104e-17,1.043096552544093,100
thickness,lh_postcentral_thickness,-2.886579864025407e-17,1.0383866903550387,100
thickness,rh_paracentral_thickness,2.2370993946196906e-16,1.0370627852986367,100
thickness,lh_parsopercularis_thickness,8.881784197001253e-17,1.031739020741105,100
thickness,rh_parstriangularis_thickness,2.6645352591003756e-17,1.0317326200541388,100
thickness,lh_isthmuscingulate_thickness,-1.6764367671839864e-16,1.0315203517740343,100
thickness,lh_transversetemporal_thickness,1.837419105754634e-16,1.0309218401625901,100
thickness,rh_transversetemporal_thickness,-1.6653345369377348e-16,1.0269165361600967,100
thickness,rh_inferiorparietal_thickness,2.4424906541753446e-16,1.0185582561163817,100
thickness,rh_parahippocampal_thickness,-2.0594637106796654e-16,1.0176459196526875,100
thickness,rh_superiorfrontal_thickness,2.842170943040401e-16,1.0167194580771266,100
thickness,rh_posteriorcingulate_thickness,1.016547956922409e-16,1.0162011371813817,100
thickness,rh_inferiortemporal_thickness,7.771561172376095e-17,1.010633871814458,100
thickness,lh_superiorparietal_thickness,1.7763568394002505e-17,1.0002423719037234,100
thickness,lh_parahippocampal_thickness,4.884981308350689e-17,0.9957791389461264,100
thickness,rh_parsopercularis_thickness,-1.0769163338864018e-16,0.9939039278654034,100
thickness,rh_superiortemporal_thickness,1.1546319456101628e-16,0.9912369831751502,100
thickness,lh_supramarginal_thickness,-2.0650148258027913e-16,0.9881142920519002,100
thickness,rh_precentral_thickness,5.329070518200751e-17,0.9825296819788447,100
thickness,rh_rostralanteriorcingulate_thickness,2.1316282072803005e-16,0.9763209314567907,100
thickness,rh_cuneus_thickness,-2.353672812205332e-16,0.9727138105437808,100
thickness,lh_bankssts_thickness,-7.424616477180734e-17,0.9721110782100462,100
thickness,lh_inferiortemporal_thickness,1.9290125052862094e-17,0.9714338351810449,100
thickness,lh_superiortemporal_thickness,8.382183835919932e-17,0.9698780838292369,100
thickness,lh_caudalanteriorcingulate_thickness,2.375877272697835e-16,0.9664525625118018,100
thickness,lh_lateraloccipital_thickness,2.2204460492503132e-17,0.9661166125313718,100
thickness,rh_middletemporal_thickness,-2.9531932455029166e-16,0.9654499757584146,100
thickness,rh_parsorbitalis_thickness,-2.6423307986078724e-16,0.9616808649722696,100
thickness,rh_superiorparietal_thickness,-5.551115123125783e-19,0.9602228552121667,100
thickness,lh_parsorbitalis_thickness,-9.992007221626409e-17,0.9590325056335545,100
thickness,lh_posteriorcingulate_thickness,2.6201263381153693e-16,0.9385565309063431,100
thickness,rh_postcentral_thickness,-5.10702591327572e-17,0.9381091684301408,100
thickness,lh_temporalpole_thickness,-4.773959005888173e-17,0.9267333224368156,100
thickness,lh_superiorfrontal_thickness,-1.554312234475219e-16,0.9234123952102394,100
thickness,lh_rostralanteriorcingulate_thickness,3.6859404417555195e-16,0.9090005493352213,100
thickness,rh_lateraloccipital_thickness,4.107825191113079e-17,0.8949792421974788,100
thickness,lh_caudalmiddlefrontal_thickness,2.997602166487923e-17,0.8920153748113497,100
thickness,lh_middletemporal_thickness,8.271161533457416e-17,0.8693182402386885,100
thickness,rh_caudalmiddlefrontal_thickness,1.176836406102666e-16,0.8569058621338687,100
thickness,rh_temporalpole_thickness,1.0658141036401502e-16,0.8495628733286746,100
thickness,lh_precuneus_thickness,4.440892098500626e-18,0.8402309627435948,100
thickness,lh_parstriangularis_thickness,2.375877272697835e-16,0.8380969552379893,100
