algo,rho
MFP,0.10625174807429157
MFP,0.13549125523125968
MFP,0.21016085475511811
MFP,-0.11525457646032009
MFP,0.05093311682070449
MFP,0.15151131389322467
MFP,0.2197974616484462
MFP,0.24556708126925222
MFP,-0.07099817698153293
MFP,-0.036304579425759854
MFP,0.08111732107003239
MFP,0.16658907137983772
MFP,-0.042401475193167455
MFP,-0.06869709252114407
MFP,-0.10215345046558588
MFP,0.11110829685503144
MFP,0.05660307672291373
MFP,-0.017765546101721184
MFP,0.1750347574451421
MFP,0.09351779795200027
MFP,0.11659088282754497
MFP,0.041247652503334696
MFP,-0.019588187408864925
MFP,0.08387328894330641
MFP,0.12980285673968261
MFP,-0.04371440063972495
MFP,0.1356487387225479
MFP,0.0681493696102953
MFP,0.034927299513959585
MFP,-0.3258105219784562
MFP,-0.02432464415187876
MFP,0.2281535757891105
MFP,0.2509867744448154
MFP,0.046612603296641485
MFP,0.22949863136710633
MFP,0.0608333975227355
MFP,0.14741882195586614
MFP,0.014817850913480726
MFP,0.011078990850561613
MFP,0.0006798054087409283
MFP,0.13978703800817663
MFP,-0.15180491318673459
MFP,0.2405200985789118
MFP,0.14620730397096512
MFP,0.1017952721057517
MFP,0.07016694205355688
MFP,-0.05348235078808278
MFP,0.46106446025802655
MFP,-0.11351129887645622
MFP,0.16854024568438009
MFP,-0.14300951735080047
MFP,0.06300142558304439
MFP,0.1910374836541988
MFP,0.09960067894012356
MFP,0.17904604616703634
MFP,0.05830501530791172
MFP,0.12532304575734787
MFP,0.005255314637523275
MFP,0.07799389081365514
MFP,0.26030547932996007
MFP,0.14795872855650524
MFP,-0.09029725869427267
MFP,0.0019343666255378829
MFP,0.17265220070104062
MFP,-0.17430231669882443
MFP,-0.19150392182975196
MFP,0.0676681978484551
MFP,0.08151213470140564
MFP,0.12220205258908359
MFP,0.12572437783637055
MFP,0.04231329341433399
MFP,-0.014437432361959091
MFP,-0.16449864910025272
MFP,0.04984169288883226
MFP,0.00981177440844243
MFP,-0.19905616866713857
MFP,0.11602624746483681
MFP,0.132231295135263
MFP,0.11172693758252931
MFP,0.17691133115700466
MFP,0.02934213079563915
MFP,0.1826124568116762
MFP,-0.04769348079810917
MFP,0.20497707352091785
MFP,0.10044980416139743
MFP,0.1663777334347573
MFP,0.10259384959599045
MFP,0.19881552237798877
MFP,-0.14780177772143532
MFP,0.08321185665372065
MFP,0.2399983782822218
MFP,0.19051087251985632
MFP,0.04759789717259635
MFP,0.05018635307784454
MFP,0.15676294263575477
MFP,0.2458507074151989
MFP,0.10359610793239693
MFP,0.09768054036279929
MFP,0.04290685313308153
MFP,0.25762170429267806
MFP,0.032796017691961
MFP,0.01725235888669545
MFP,0.14593768544943764
MFP,0.049853128043442926
MFP,-0.06884407747438535
MFP,-0.02654915717920652
MFP,-0.1061553382157841
MFP,0.050584543172251716
MFP,-0.06767702126490241
MFP,0.14157112953952988
MFP,0.41174859802357794
MFP,-0.009067779745973198
MFP,0.1406829733710618
MFP,0.1576964817087402
MFP,-0.07313449011560078
MFP,-0.19335436603589246
MFP,0.19102531985620083
MFP,0.14335949084083252
MFP,-0.021598705178103257
MFP,0.02528611738011378
MFP,0.1875563442145967
MFP,0.1358315266319744
MFP,-0.1954606227465231
MFP,-0.0909519943226866
MFP,-0.08897977213000517
MFP,0.01877130788742053
MFP,0.14792198231819495
MFP,-0.15408533479781025
MFP,0.4065178736136773
MFP,0.27267722104595515
MFP,0.052014300328258586
MFP,0.1923488054659117
MFP,0.034645799567122805
MFP,-0.024528316784707686
MFP,0.23791768031812127
MFP,-0.23347409539663544
MFP,0.07099999893653093
MFP,0.23860641095400326
MFP,-0.12040167749412478
MFP,0.3416922818291247
MFP,0.1732033942756954
MFP,0.20244956546816112
MFP,0.23333939356377773
MFP,0.0007435480745115778
MFP,-0.2314829282358636
MFP,-0.09666097987529794
MFP,-0.009134700629707317
MFP,0.1694387784760955
MFP,0.23456947650910845
MFP,-0.01515816020503529
MFP,0.08879728487688936
MFP,0.11463780842314203
MFP,-0.28581903563257743
MFP,0.008029053070805016
MFP,0.1295544002208506
MFP,-0.10082220882411345
MFP,0.12112752204305273
MFP,0.14860598482913065
MFP,0.19999306103941625
MFP,-0.2015615356090405
MFP,0.1767723813867458
MFP,0.025687815621816653
MFP,0.03033183053168243
MFP,0.21121925249969598
MFP,0.09754288959474561
MFP,0.10154072124067515
MFP,0.09153794729798014
MFP,-0.10299818087039239
MFP,0.03724147179803752
MFP,0.09020523057982664
MFP,0.0002988357687850486
MFP,0.02207212319302687
MFP,0.1417118680437508
MFP,0.0192626750081311
MFP,-0.009388663888286873
MFP,-0.12851995492502574
MFP,0.019086891924555215
MFP,0.06759169262296498
MFP,0.21741058966721327
MFP,-0.07680976149370336
MFP,0.02908464762261863
MFP,-0.19604472889910318
MFP,-0.03354692506386251
MFP,0.06005035877960171
MFP,0.07872886283752777
MFP,0.1921009561077412
MFP,0.34046564438338894
MFP,0.20448249164490484
MFP,0.1712190974069381
MFP,0.1677964315045919
MFP,-0.019588187408864925
MFP,0.14516601444492092
MFP,-0.045175163936234275
MFP,0.2556229735174455
MFP,0.24069371953415272
MFP,0.17199927967723316
MFP,0.04587767853043507
MFP,0.24300458104194012
MFP,0.02946928843756705
MFP,0.24018195765057548
MFP,0.027764293003767485
MFP,-0.02889494595018445
MFP,0.021124467668959458
MFP,-0.21358751017873756
MFP,0.1718035898492889
MFP,0.11402840828402554
MFP,0.11794088743800313
MFP,0.2766529942950578
MFP,0.2635501578647281
MFP,0.1791467071332749
MFP,-0.018685462180797946
MFP,0.30912189396746365
MFP,0.31578390251356003
MFP,0.2006528342935048
MFP,0.03706325151689099
MFP,0.16908781558493954
MFP,0.002303431614595935
MFP,0.06713214570428193
MFP,0.009544216693135089
MFP,0.22475815941577815
MFP,-0.057232739164317946
MFP,0.22263133431365834
MFP,0.18177414461250013
MFP,-0.12922842309132881
MFP,0.10492888349512
MFP,-0.20050584934026347
MFP,0.20616477004005287
MFP,0.06123462691451615
MFP,0.18607369940410445
MFP,0.13432667806887935
MFP,-0.03625388040008687
MFP,0.1372288269698917
MFP,0.07799389081365514
MFP,0.198084747755001
MFP,0.11161438254016759
MFP,0.11410690259027002
MFP,0.33003633938414306
MFP,0.12377130343196761
MFP,0.07016029607732154
MFP,0.006069848884271927
MFP,0.43806857516645215
MFP,0.08566736029908392
MFP,0.3087394971073605
MFP,-0.010963168190988247
MFP,0.00579208229140889
MFP,0.33216762120614163
MFP,0.26727376435011574
MFP,-0.11896594652966243
MFP,-0.07457649065079534
MFP,0.13797896233458518
MFP,0.2179401261854355
MFP,0.0754216541319327
MFP,0.10011512627646806
MFP,0.006036897723504704
MFP,0.14846691808221288
MFP,-0.0684533430954957
MFP,0.11387189689200361
MFP,-0.0987555154589862
MFP,0.09737255298211077
MFP,-0.020596266572934608
MFP,0.12126546943170245
MFP,0.14288774766968104
MFP,-0.05450309156291497
MFP,0.09316076387268889
MFP,0.31452157026198946
MFP,0.01839209491041641
MFP,-0.2687803601208389
MFP,0.2678477534125083
MFP,0.05995400919196111
MFP,0.4528207773775509
MFP,-0.06954225600228144
MFP,0.20822886791440898
MFP,0.1440105156423002
MFP,0.2655099449112204
MFP,0.048266184020605896
MFP,-0.22273732351800735
MFP,0.13327293995649905
MFP,0.14125643063161616
MFP,0.10165846828550149
MFP,0.3403286980736164
MFP,0.29406177207833933
MFP,0.025189546361724664
MFP,0.2856084099615143
MFP,-0.06954225600228144
MFP,0.04617164843691764
MFP,-0.07969104295391434
MFP,0.08571060085882243
MFP,0.3646807684600865
MFP,0.09827227051461353
MFP,0.1608414215390668
MFP,0.07101914672480937
MFP,0.08376305022837545
MFP,0.020545576822787938
MFP,-0.12133506539531501
MFP,0.09658748739867729
MFP,-0.0193584139495234
MFP,0.09397734487068332
MFP,-0.08137454473820463
MFP,-0.04141234476552476
MFP,-0.01608414215390668
MFP,-0.11987554050959343
MFP,0.14100334419960656
MFP,0.14159261533916906
MFP,0.056811487822191815
MFP,0.34366919379727195
MFP,0.1820984641530021
MFP,-0.1792665235968983
MFP,0.06554287927716973
MFP,-0.12833623729879415
MFP,0.06693327308224868
MFP,0.08639482071241303
MFP,0.02443086530538041
MFP,0.0902711934023926
MFP,0.04852340768877814
MFP,-0.07185726901583163
MFP,-0.030746060498779777
MFP,0.06797025377062274
MFP,0.036029686663269195
MFP,-0.10728064274698054
MFP,0.2776797987789071
MFP,0.14130765942233725
MFP,0.1630098324156121
MFP,-0.1138582194045279
MFP,-0.0547335219632223
MFP,0.21740911896301088
MFP,0.04241235103678964
MFP,0.10536983835484388
MFP,0.33721169937196493
MFP,0.06619834831604228
MFP,0.1760447654321643
MFP,0.09125928284368082
MFP,0.017436090078247053
MFP,0.037352551242440725
MFP,0.04525081561568754
MFP,-0.04417029633110444
MFP,-0.11187392253577058
MFP,0.2704339408448033
MFP,-0.022066116105347425
MFP,-0.24416038045292415
MFP,0.12620495547679558
MFP,0.29535463419525065
MFP,-0.0074101940637641495
MFP,0.07411487873553739
MFP,-0.003877929173939992
MFP,0.2559484859181793
MFP,-0.05087516694063866
MFP,0.24799415399048394
MFP,-0.058209276366519416
MFP,-0.08089684364017044
MFP,-0.049287827551407544
MFP,0.2667225707754609
MFP,0.10372921574272131
MFP,-0.0014514764132576574
MFP,-0.01903129000237967
MFP,0.099306709033641
MFP,0.1417118680437508
MFP,0.146756367269736
MFP,-0.0693246986628424
MFP,0.26639185463066806
MFP,0.11634196157992499
MFP,0.2339081799643448
MFP,0.1227564706532092
MFP,0.01880312808944805
MFP,0.3163868215107414
MFP,0.12778504372413932
MFP,0.051825693391081624
MFP,0.17574289846848648
MFP,0.07852077643173232
MFP,-0.16777631195586246
MFP,0.14254878799921963
MFP,0.20366602583495105
MFP,-0.1998551003133619
MFP,0.166483954588259
MFP,-0.06270745567656183
MFP,0.3758327883296195
MFP,0.0067429347299438015
MFP,-0.003611958920252153
MFP,0.29585247669049064
MFP,0.18610132392261788
MFP,0.15904152944089153
MFP,-0.09416505257921623
MFP,0.24375617183151066
MFP,0.0583884710580193
MFP,0.15613591142947814
MFP,0.11272570043851057
MFP,0.09552374280157411
MFP,0.10194282479452282
MFP,-0.12605797052355427
MFP,0.4476752899504027
MFP,0.0025083602644783037
MFP,-0.03360443493478805
MFP,0.18687299492713463
MFP,-0.002259893656084707
MFP,-0.07239324300353722
MFP,-0.03034924442135963
MFP,0.2244098902978276
MFP,0.21322004779563436
MFP,0.021049491918911093
MFP,0.10443003906709354
MFP,0.013676301096751222
MFP,0.1993852302542417
MFP,0.06866034628283374
MFP,0.21236811979640358
MFP,0.29882038387365195
MFP,0.0676982818317208
MFP,0.1807873025270289
MFP,0.14267017046280794
MFP,0.03577246299509695
MFP,0.14432085096378353
MFP,0.04327235675293683
MFP,-0.010110032211027057
MFP,0.05466002948660166
MFP,0.10234647535895186
MFP,0.15703504941915442
MFP,0.06913804738086791
MFP,0.1220020437186592
MFP,0.1954469224430433
MFP,0.06630879080830814
MFP,0.10500237597174068
MFP,0.028423215333032863
MFP,0.02525593273928918
MFP,0.05932680175201236
MFP,-0.17003807248288225
MFP,0.1710721124536968
MFP,0.0861650472530715
MFP,0.3097754906845726
MFP,0.14483387053827396
MFP,0.02363420665411801
MFP,-0.073345201409617
MFP,-0.0513590771019775
GAMLSS,0.1296591018779657
GAMLSS,0.14045555896051617
GAMLSS,0.07485962229455564
GAMLSS,-0.13682461834847817
GAMLSS,0.08673948090142532
GAMLSS,0.19777928501760728
GAMLSS,0.30167340432714257
GAMLSS,0.2604336023300885
GAMLSS,-0.06263001402724136
GAMLSS,-0.025396475377098365
GAMLSS,0.19977092457405707
GAMLSS,0.15012675661681418
GAMLSS,0.10610329990584697
GAMLSS,-0.15527122998025902
GAMLSS,-0.19207146422123564
GAMLSS,0.0023215443257832815
GAMLSS,0.03644954731948409
GAMLSS,0.10929615880896416
GAMLSS,-0.04397555754968474
GAMLSS,0.19674352456117994
GAMLSS,0.20792583291580077
GAMLSS,0.10456142111201683
GAMLSS,0.054341423134270435
GAMLSS,-0.0033990270437046412
GAMLSS,0.25845684618265763
GAMLSS,-0.06728532801050963
GAMLSS,0.11349075702142469
GAMLSS,0.06027689718708059
GAMLSS,-0.013026541481008597
GAMLSS,-0.1584681527132569
GAMLSS,0.05245554630423345
GAMLSS,0.05845456115040602
GAMLSS,0.21304263336756957
GAMLSS,0.09629351749219471
GAMLSS,0.17265220070104062
GAMLSS,0.11429917426425175
GAMLSS,0.28798273570804345
GAMLSS,0.037566881288418286
GAMLSS,0.06818264518479958
GAMLSS,-0.08405702013485801
GAMLSS,0.13792816782189768
GAMLSS,-0.1381667389276542
GAMLSS,0.35445998923501926
GAMLSS,0.16798176722480745
GAMLSS,0.06527289882676636
GAMLSS,0.1843742507220328
GAMLSS,0.07253134431604606
GAMLSS,0.40093240355473325
GAMLSS,-0.16405579902201856
GAMLSS,0.05136177826593675
GAMLSS,-0.20173074591706253
GAMLSS,0.10283434791143174
GAMLSS,-0.04202939527122044
GAMLSS,0.11183717629746026
GAMLSS,0.1417486142820611
GAMLSS,0.10416396823482424
GAMLSS,0.07472347560403662
GAMLSS,-0.17328843672849548
GAMLSS,0.1859543389693766
GAMLSS,0.25821271966992543
GAMLSS,0.05025048088936321
GAMLSS,0.07848855005945062
GAMLSS,-0.06640184195098627
GAMLSS,0.15552845364843126
GAMLSS,-0.12340749545467686
GAMLSS,-0.16988813455430013
GAMLSS,-0.006191741155288994
GAMLSS,-0.088098973869196
GAMLSS,0.05336938485796019
GAMLSS,0.23092232663823165
GAMLSS,0.011740423140147381
GAMLSS,0.19634142100733226
GAMLSS,-0.03764455175545302
GAMLSS,0.22314832459717673
GAMLSS,0.10724883701952301
GAMLSS,-0.1378904809341533
GAMLSS,0.07784690586041386
GAMLSS,0.05056751453178246
GAMLSS,0.16967575539790464
GAMLSS,0.24400769311888276
GAMLSS,-0.06909339753313525
GAMLSS,0.2516210857672473
GAMLSS,0.051766365580185096
GAMLSS,0.09706013878351544
GAMLSS,0.06959255906916695
GAMLSS,0.12976684252785392
GAMLSS,0.06598327840757431
GAMLSS,-0.04095368259685213
GAMLSS,-0.14671035378956307
GAMLSS,0.013651227532284043
GAMLSS,0.2149530712139957
GAMLSS,0.09882900793560682
GAMLSS,-0.06844999303893086
GAMLSS,-0.05531796033647191
GAMLSS,0.11829503598432793
GAMLSS,0.07589935522996688
GAMLSS,0.30868899371806535
GAMLSS,0.14643202472830152
GAMLSS,0.07993209269061706
GAMLSS,0.3489187857273497
GAMLSS,-0.10147473709394988
GAMLSS,0.056313610210566085
GAMLSS,0.11165344510590866
GAMLSS,0.017703525583608992
GAMLSS,0.09849829179081394
GAMLSS,-0.017840298699660573
GAMLSS,-0.11266558623046062
GAMLSS,0.12193357056377291
GAMLSS,0.051197312325639635
GAMLSS,-0.0378437597516446
GAMLSS,0.3392526607586991
GAMLSS,0.00578865644300134
GAMLSS,0.1841905195304812
GAMLSS,0.2229578009478693
GAMLSS,-0.07901610369114677
GAMLSS,-0.1653220039962265
GAMLSS,0.16012173343722133
GAMLSS,0.18983117299265573
GAMLSS,0.16995576875961393
GAMLSS,-0.0007231492101081157
GAMLSS,0.1442615789811295
GAMLSS,0.01899471925217317
GAMLSS,0.08823300838714522
GAMLSS,0.016830905896766633
GAMLSS,-0.00966963308062247
GAMLSS,-0.06320677468687591
GAMLSS,0.14979604047202127
GAMLSS,0.006457865280342537
GAMLSS,0.2301441906219817
GAMLSS,0.16435269001583375
GAMLSS,0.05300644876263724
GAMLSS,0.06900834272490786
GAMLSS,0.019686320448973203
GAMLSS,0.18506337371131912
GAMLSS,0.29055026187819083
GAMLSS,-0.17712377346400798
GAMLSS,0.0941879705417464
GAMLSS,-0.17068171396387188
GAMLSS,-0.0663351103617829
GAMLSS,0.3470919581236505
GAMLSS,-0.019420386947004355
GAMLSS,0.10617448600406255
GAMLSS,0.07417354503058093
GAMLSS,0.06300684755206441
GAMLSS,-0.2739983259609044
GAMLSS,-0.037168820050889124
GAMLSS,0.0601284140351064
GAMLSS,0.11494417303559737
GAMLSS,-0.07529001174667753
GAMLSS,-0.014060444663030603
GAMLSS,0.07332711854824445
GAMLSS,0.1957095439941431
GAMLSS,-0.21658063321766488
GAMLSS,0.1412341669457166
GAMLSS,0.048914841187511646
GAMLSS,-0.15834321437564666
GAMLSS,0.08223287633586378
GAMLSS,0.10897006309271776
GAMLSS,0.23780336034919378
GAMLSS,-0.21053615417150529
GAMLSS,0.11111461537990533
GAMLSS,-0.051411038294800517
GAMLSS,0.032938342514974246
GAMLSS,0.24411515276209084
GAMLSS,0.0027008485158085526
GAMLSS,0.047409923777467784
GAMLSS,0.1056207084207463
GAMLSS,-0.2044481088308859
GAMLSS,0.06474595501276066
GAMLSS,-0.09330717228093723
GAMLSS,0.09348578966825605
GAMLSS,-0.01501604153818869
GAMLSS,0.13134942884024042
GAMLSS,0.036859492436036145
GAMLSS,-0.02250707096507127
GAMLSS,-0.0693724369328618
GAMLSS,0.17859510623218344
GAMLSS,0.11754827224146798
GAMLSS,-0.11640304707173015
GAMLSS,-0.19403580265904335
GAMLSS,0.03338395750492612
GAMLSS,0.015157580165778076
GAMLSS,0.10914239318722392
GAMLSS,0.16503226549040306
GAMLSS,0.032216518626220624
GAMLSS,0.19813785833175188
GAMLSS,0.44064186998204113
GAMLSS,0.15656180398840702
GAMLSS,0.16497223689418364
GAMLSS,0.09830909307290557
GAMLSS,-0.07069363432407556
GAMLSS,0.04528973871746995
GAMLSS,0.1234742165487146
GAMLSS,0.14715075291996768
GAMLSS,0.38080590390758745
GAMLSS,0.22672764854554417
GAMLSS,-0.02412390545072537
GAMLSS,0.23149676028658545
GAMLSS,-0.01524635492629248
GAMLSS,0.05165695857538973
GAMLSS,0.0004212513421261274
GAMLSS,0.006939452205997879
GAMLSS,-0.13139156474345343
GAMLSS,-0.2138447338469098
GAMLSS,0.1299220365577867
GAMLSS,0.28277841414698646
GAMLSS,-0.07049543887393102
GAMLSS,0.3098648082899082
GAMLSS,0.3278292831155194
GAMLSS,0.2504913662588181
GAMLSS,0.08622504819516691
GAMLSS,0.08269929757467019
GAMLSS,0.3395704829124856
GAMLSS,0.20028537191040158
GAMLSS,-0.10650593705128562
GAMLSS,0.2975159184795095
GAMLSS,-0.013208285081164032
GAMLSS,0.14569552101080468
GAMLSS,0.15416717081969972
GAMLSS,-0.2204888290803766
GAMLSS,0.045705770620684816
GAMLSS,0.3140428755550279
GAMLSS,0.09254648274375224
GAMLSS,-0.14632739802399386
GAMLSS,0.0777366671454829
GAMLSS,-0.011630184425216421
GAMLSS,0.311222265369259
GAMLSS,0.12183737681584313
GAMLSS,-0.06492969838691233
GAMLSS,0.22487391601074905
GAMLSS,0.047293958341070766
GAMLSS,0.22527281396141946
GAMLSS,0.11374798068959695
GAMLSS,0.26443756164236754
GAMLSS,0.04673925162275043
GAMLSS,0.09210899106224621
GAMLSS,0.0795372328226886
GAMLSS,0.04882686011007386
GAMLSS,-0.020251149033466115
GAMLSS,0.029698219619891983
GAMLSS,0.4026404910152329
GAMLSS,0.2879655471429839
GAMLSS,0.12149486441929404
GAMLSS,0.0002915736221007512
GAMLSS,0.049634340219810474
GAMLSS,0.2860878383649998
GAMLSS,0.18893078427251253
GAMLSS,-0.17441602013993596
GAMLSS,-0.06998321086200528
GAMLSS,0.3805622920343992
GAMLSS,0.41163915241034027
GAMLSS,0.1529194707283985
GAMLSS,0.16104038939497933
GAMLSS,-0.09063369040703576
GAMLSS,0.2060870779190316
GAMLSS,-0.14062135711701268
GAMLSS,0.13853424819466054
GAMLSS,-0.08692322672306302
GAMLSS,-0.08533886981233396
GAMLSS,0.048119199067364615
GAMLSS,-0.11283899175299074
GAMLSS,-0.058444892032564665
GAMLSS,-0.030968176046666556
GAMLSS,0.19127539398360255
GAMLSS,0.36717798802775536
GAMLSS,0.06884380480229262
GAMLSS,-0.1025403780049492
GAMLSS,0.15579622925541903
GAMLSS,0.0019350152533747613
GAMLSS,0.45517534628017087
GAMLSS,-0.2179603125376657
GAMLSS,0.10839868714843788
GAMLSS,0.07071278211235402
GAMLSS,-0.05914307056046076
GAMLSS,0.07751618971562096
GAMLSS,-0.07016694205355688
GAMLSS,0.21926627555484265
GAMLSS,0.10680536984591306
GAMLSS,0.03305324136013324
GAMLSS,0.3047568941101852
GAMLSS,0.19635352441119727
GAMLSS,-0.10187894571536342
GAMLSS,0.1936224350717909
GAMLSS,-0.08019866511227437
GAMLSS,0.0745029981741747
GAMLSS,0.048595626919265375
GAMLSS,0.055137730584635815
GAMLSS,0.23772541101894107
GAMLSS,-0.0012215432652690208
GAMLSS,0.1833975161310931
GAMLSS,0.19147788278460334
GAMLSS,0.10059282737450222
GAMLSS,0.05045442211374298
GAMLSS,-0.2663173312091506
GAMLSS,0.22380296442900666
GAMLSS,-0.13683009503787755
GAMLSS,0.05780717281267175
GAMLSS,0.02574073993637947
GAMLSS,0.0718810314847467
GAMLSS,0.054666935535004256
GAMLSS,-0.09015234308024468
GAMLSS,0.1760615995013905
GAMLSS,0.18206486613155326
GAMLSS,0.04093797133934819
GAMLSS,0.3261044918849388
GAMLSS,0.24537086458882068
GAMLSS,-0.1564471096061893
GAMLSS,0.02906634260670279
GAMLSS,-0.10529634587822324
GAMLSS,0.2116399595482906
GAMLSS,0.08978397923770051
GAMLSS,0.1799563375573854
GAMLSS,0.1364272977809415
GAMLSS,0.03904287820471547
GAMLSS,-0.02416065168903569
GAMLSS,0.04895703436237536
GAMLSS,-0.07230237971174239
GAMLSS,0.11598950122652647
GAMLSS,-0.07351084973979605
GAMLSS,0.0021952371723675153
GAMLSS,0.16449453579614945
GAMLSS,0.09313473695283898
GAMLSS,-0.09092856669888794
GAMLSS,-0.28270718444045034
GAMLSS,0.07703848861758682
GAMLSS,-0.14715075291996768
GAMLSS,0.1732033942756954
GAMLSS,0.42084923857227974
GAMLSS,-0.01589274806921359
GAMLSS,0.14473813159688168
GAMLSS,0.12469835970607242
GAMLSS,0.2338346874877241
GAMLSS,0.13891915393216642
GAMLSS,0.036223109473004465
GAMLSS,0.01834085250461892
GAMLSS,0.06219300834021735
GAMLSS,0.04958904859977744
GAMLSS,0.09721217344995274
GAMLSS,-0.16093015068004837
GAMLSS,0.11720212709076706
GAMLSS,0.20961083828430532
GAMLSS,-0.013269417276973013
GAMLSS,0.012748428351349773
GAMLSS,-0.058897871664351745
GAMLSS,0.292080362399634
GAMLSS,0.22281081599462801
GAMLSS,0.31020829597823013
GAMLSS,0.03806580309757915
GAMLSS,-0.12208937678603969
GAMLSS,-0.1514031447030789
GAMLSS,0.21781332758442443
GAMLSS,0.14518437766806944
GAMLSS,0.1307614890272753
GAMLSS,0.006939782028774726
GAMLSS,0.05219803151981019
GAMLSS,0.2773054874088332
GAMLSS,0.16409315618056022
GAMLSS,0.054098865914735124
GAMLSS,0.3287869672815922
GAMLSS,0.032876752474116394
GAMLSS,0.12128095954321261
GAMLSS,-0.03841046328659143
GAMLSS,0.08964994471975128
GAMLSS,0.3820756213609544
GAMLSS,0.05370462729053333
GAMLSS,-0.14405132265353662
GAMLSS,0.03669940853482145
GAMLSS,-0.19366319979931898
GAMLSS,-0.01984565217922568
GAMLSS,0.15991594659674005
GAMLSS,0.17867858378393314
GAMLSS,-0.33353442199519345
GAMLSS,0.2224093919068798
GAMLSS,-0.053043195000947556
GAMLSS,0.265503232269131
GAMLSS,0.13134942884024042
GAMLSS,-0.0804388387026771
GAMLSS,0.2626119162390835
GAMLSS,0.18312487861948196
GAMLSS,0.07000431394605097
GAMLSS,-0.069273895608662
GAMLSS,0.1730564093224541
GAMLSS,0.01301611188628625
GAMLSS,0.06756588558405331
GAMLSS,-0.028459889714033244
GAMLSS,0.039504785248598136
GAMLSS,0.015375673987603648
GAMLSS,-0.18367607219413676
GAMLSS,0.4530749662449285
GAMLSS,0.09414967496518947
GAMLSS,0.036544133999613676
GAMLSS,0.30574707586102123
GAMLSS,0.021404683815761657
GAMLSS,0.009432177085587376
GAMLSS,0.0025658036293136847
GAMLSS,0.163403541136711
GAMLSS,0.15347066430305334
GAMLSS,-0.042488461400661585
GAMLSS,0.18460125778056877
GAMLSS,0.05980293895016175
GAMLSS,0.035443815982547464
GAMLSS,-0.014790360919903977
GAMLSS,-0.08897977213000517
GAMLSS,0.3303950867448331
GAMLSS,0.20049242723437188
GAMLSS,0.27523058936714884
GAMLSS,0.11090398970884226
GAMLSS,0.2518770904980915
GAMLSS,0.09827781436095202
GAMLSS,-0.046473828871710816
GAMLSS,0.04959277164121227
GAMLSS,0.1708148887855246
GAMLSS,0.016225416140582413
GAMLSS,0.01747283631655737
GAMLSS,0.29365756345692584
GAMLSS,0.24398696914859686
GAMLSS,0.3106260598900034
GAMLSS,-0.011297195084291597
GAMLSS,0.18334535604934385
GAMLSS,-0.12058278101531653
GAMLSS,0.18257416123511927
GAMLSS,-0.10819929870473854
GAMLSS,-0.3306901785472045
GAMLSS,0.09636700996881536
GAMLSS,0.16252642690757133
GAMLSS,0.37677736031158976
GAMLSS,0.17007065548928468
GAMLSS,-0.013755639378464189
GAMLSS,0.09942932670520173
GAMLSS,-0.17395290904246308
